Артикул;"Цена (Розница)";"Цена (Опт)";"Можно купить";"На складе";"Время отгрузки";Размер/Цвет;Валюта(Розница);Валюта(Опт)
727;4105.00;2268.00;0;0;3;;RUB;RUB
999;4796.00;2646.00;0;0;3;;RUB;RUB
1052;2597.00;1365.00;0;0;3;;RUB;RUB
1438;809.00;493.50;0;0;3;;RUB;RUB
1439;861.00;535.50;0;0;3;;RUB;RUB
1483;1033.00;514.50;0;0;3;;RUB;RUB
1486;515.00;312.90;0;0;3;;RUB;RUB
1487;378.00;228.90;1;1;1;;RUB;RUB
1488;643.00;382.20;0;0;3;;RUB;RUB
1539;1019.00;621.60;0;0;3;;RUB;RUB
1690;1418.00;707.70;0;0;3;;RUB;RUB
3664;1048.00;464.10;0;0;3;;RUB;RUB
4394;378.00;285.60;0;0;3;;RUB;RUB
4544;702.00;258.30;0;0;3;;RUB;RUB
4738;301.00;85.89;0;0;3;;RUB;RUB
4780;2644.00;1390.20;0;0;3;;RUB;RUB
4880;1761.00;879.90;0;0;3;;RUB;RUB
4881;685.00;304.50;0;0;3;;RUB;RUB
4994;1550.00;774.90;0;0;3;;RUB;RUB
5025;1258.00;627.90;0;0;3;;RUB;RUB
5027;1937.00;1018.50;0;0;3;;RUB;RUB
5029;2092.00;1100.40;0;0;3;;RUB;RUB
5050;567.00;189.00;0;0;3;;RUB;RUB
5051;567.00;189.00;0;0;3;;RUB;RUB
5052;715.00;317.10;0;0;3;;RUB;RUB
5576;2926.00;1539.30;1;1;1;телесный;RUB;RUB
6274;5459.00;3024.00;0;0;3;;RUB;RUB
6277;2774.00;1459.50;0;0;3;;RUB;RUB
6284;1273.00;636.30;0;0;3;;RUB;RUB
6285;3225.00;1696.80;0;0;3;;RUB;RUB
6286;5841.00;3234.00;0;0;3;;RUB;RUB
6292;4425.00;2457.00;0;0;3;;RUB;RUB
6294;4673.00;2583.00;0;0;3;;RUB;RUB
6309;2016.00;1060.50;0;0;3;;RUB;RUB
6314;3287.00;1728.30;0;0;3;;RUB;RUB
6323;10046.00;5733.00;0;0;3;;RUB;RUB
7777;1008.00;504.00;0;0;3;;RUB;RUB
7926;2975.00;1564.50;0;0;3;;RUB;RUB
7929;6186.00;3423.00;0;0;3;;RUB;RUB
8246;1665.00;831.60;0;0;3;;RUB;RUB
8261;1429.00;714.00;0;0;3;;RUB;RUB
8263;2755.00;1449.00;0;0;3;;RUB;RUB
9871;1365.00;867.30;0;0;3;;RUB;RUB
9873;751.00;277.20;0;0;3;;RUB;RUB
9875;801.00;296.10;0;0;3;;RUB;RUB
9876;410.00;249.90;0;0;3;;RUB;RUB
10115;770.00;340.20;0;0;3;;RUB;RUB
10660;1749.00;873.60;0;0;3;;RUB;RUB
10795;2862.00;1505.70;0;0;3;;RUB;RUB
10799;2641.00;1390.20;0;0;3;;RUB;RUB
10851;13284.00;7581.00;0;0;3;;RUB;RUB
10924;8551.00;4746.00;0;0;3;;RUB;RUB
10940;5174.00;2856.00;0;0;3;;RUB;RUB
10988;10491.00;5985.00;0;0;3;;RUB;RUB
11175;2011.00;1056.30;1;1;1;телесный;RUB;RUB
11236;3645.00;1917.30;0;0;3;;RUB;RUB
11279;8458.00;4683.00;0;0;3;;RUB;RUB
11317;3817.00;2100.00;0;0;3;;RUB;RUB
11318;2028.00;1066.80;0;0;3;;RUB;RUB
11357;20010.00;13083.00;1;0;3;;RUB;RUB
11360;2670.00;2100.00;0;0;3;;RUB;RUB
11705;1600.00;798.00;0;0;3;;RUB;RUB
11708;1349.00;674.10;0;0;3;;RUB;RUB
11748;657.00;241.50;0;0;3;;RUB;RUB
11854;3081.00;1621.20;0;0;3;;RUB;RUB
12275;701.00;258.30;0;0;3;;RUB;RUB
12276;701.00;258.30;0;0;3;;RUB;RUB
12277;701.00;258.30;0;0;3;;RUB;RUB
12280;701.00;258.30;0;0;3;;RUB;RUB
12281;719.00;264.60;0;0;3;;RUB;RUB
12283;693.00;256.20;0;0;3;;RUB;RUB
12285;658.00;243.60;0;0;3;;RUB;RUB
12286;654.00;241.50;0;0;3;;RUB;RUB
12935;5577.00;2457.00;1;1;1;"XL-XXL черный";RUB;RUB
12937;4965.00;2751.00;0;0;3;;RUB;RUB
13249;546.00;333.90;0;0;3;;RUB;RUB
13708;1175.00;585.90;0;0;3;;RUB;RUB
14046;4573.00;2520.00;0;0;3;;RUB;RUB
14069;6617.00;3675.00;0;0;3;;RUB;RUB
14134;1922.00;1010.10;0;0;3;;RUB;RUB
14257;1555.00;777.00;1;1;1;розовый;RUB;RUB
14296;714.00;262.50;0;0;3;;RUB;RUB
15980;2138.00;1123.50;0;0;3;;RUB;RUB
16047;4152.00;2289.00;0;0;3;;RUB;RUB
16150;4176.00;2310.00;0;0;3;;RUB;RUB
16181;1655.00;827.40;0;0;3;;RUB;RUB
16351;3101.00;1631.70;0;0;3;;RUB;RUB
17789;1825.00;911.40;0;0;3;;RUB;RUB
17847;3770.00;2058.00;0;0;3;;RUB;RUB
17848;4808.00;2667.00;0;0;3;;RUB;RUB
17897;389.00;235.20;0;0;3;;RUB;RUB
17904;1103.00;695.10;0;0;3;;RUB;RUB
17905;1103.00;695.10;1;2;1;;RUB;RUB
17906;1103.00;695.10;0;0;3;;RUB;RUB
17907;1103.00;695.10;0;0;3;;RUB;RUB
17924;3129.00;1646.40;1;1;1;коричневый;RUB;RUB
18188;8792.00;4872.00;0;0;3;;RUB;RUB
18356;1371.00;684.60;0;0;3;;RUB;RUB
19241;2862.00;1505.70;0;0;3;;RUB;RUB
20152;1294.00;646.80;0;0;3;;RUB;RUB
20828;1326.00;661.50;0;0;3;;RUB;RUB
21090;8895.00;5082.00;0;0;3;;RUB;RUB
22289;6477.00;3591.00;0;0;3;;RUB;RUB
24469;4637.00;2562.00;1;0;3;;RUB;RUB
24700;302.00;86.31;1;1;1;;RUB;RUB
24701;309.00;88.41;0;0;3;;RUB;RUB
24703;292.00;83.37;1;2;1;;RUB;RUB
24709;264.00;75.60;0;0;3;;RUB;RUB
24710;264.00;75.60;0;0;3;;RUB;RUB
24724;309.00;88.41;0;0;3;;RUB;RUB
24729;550.00;310.80;0;0;3;;RUB;RUB
24739;550.00;310.80;0;0;3;;RUB;RUB
24740;420.00;256.20;0;0;3;;RUB;RUB
24741;441.00;270.90;0;0;3;;RUB;RUB
24743;441.00;270.90;0;0;3;;RUB;RUB
24744;441.00;270.90;0;0;3;;RUB;RUB
24750;462.00;279.30;0;0;3;;RUB;RUB
24752;462.00;279.30;0;0;3;;RUB;RUB
24760;1483.00;741.30;0;0;3;;RUB;RUB
24761;420.00;254.10;0;0;3;;RUB;RUB
24762;790.00;350.70;0;0;3;;RUB;RUB
24763;420.00;254.10;0;0;3;;RUB;RUB
24764;420.00;254.10;0;0;3;;RUB;RUB
24765;420.00;254.10;0;0;3;;RUB;RUB
24767;504.00;304.50;0;0;3;;RUB;RUB
25147;1857.00;928.20;0;0;3;;RUB;RUB
25221;5938.00;3297.00;1;1;1;телесный;RUB;RUB
25227;5138.00;2835.00;0;0;3;;RUB;RUB
25228;5674.00;3150.00;0;0;3;;RUB;RUB
25662;1245.00;621.60;0;0;3;;RUB;RUB
26112;1437.00;718.20;0;0;3;;RUB;RUB
26114;805.00;298.20;0;0;3;;RUB;RUB
26116;753.00;333.90;0;0;3;;RUB;RUB
26121;831.00;367.50;0;0;3;;RUB;RUB
26124;693.00;256.20;0;0;3;;RUB;RUB
26300;1521.00;760.20;0;0;3;;RUB;RUB
26308;1147.00;573.30;0;0;3;;RUB;RUB
26317;1378.00;688.80;1;1;1;телесный;RUB;RUB
26319;1058.00;468.30;0;0;3;;RUB;RUB
26348;1527.00;762.30;0;0;3;;RUB;RUB
26354;1807.00;903.00;0;0;3;;RUB;RUB
26372;2936.00;1543.50;0;0;3;;RUB;RUB
26380;3105.00;1633.80;0;0;3;;RUB;RUB
26383;2216.00;1165.50;0;0;3;;RUB;RUB
26388;2548.00;1339.80;0;0;3;;RUB;RUB
26444;1852.00;926.10;0;0;3;;RUB;RUB
26457;2646.00;1392.30;0;0;3;;RUB;RUB
26546;2229.00;1171.80;0;0;3;;RUB;RUB
26590;740.00;327.60;0;0;3;;RUB;RUB
26591;1907.00;953.40;0;0;3;;RUB;RUB
26592;769.00;283.50;0;0;3;;RUB;RUB
26593;2000.00;999.60;0;0;3;;RUB;RUB
26594;740.00;327.60;0;0;3;;RUB;RUB
26595;2000.00;999.60;0;0;3;;RUB;RUB
26597;1536.00;766.50;1;1;1;;RUB;RUB
26601;550.00;310.80;0;0;3;;RUB;RUB
26604;550.00;310.80;0;0;3;;RUB;RUB
26606;550.00;310.80;0;0;3;;RUB;RUB
26607;550.00;310.80;1;1;1;;RUB;RUB
26608;550.00;310.80;0;0;3;;RUB;RUB
26626;7157.00;3969.00;0;0;3;;RUB;RUB
26628;6247.00;3465.00;0;0;3;;RUB;RUB
26728;2410.00;1266.30;1;1;1;телесный;RUB;RUB
27156;3596.00;1892.10;0;0;3;;RUB;RUB
27415;2372.00;1247.40;0;0;3;;RUB;RUB
27950;2664.00;1400.70;0;0;3;;RUB;RUB
28469;753.00;277.20;0;0;3;;RUB;RUB
28854;2205.00;1159.20;0;0;3;;RUB;RUB
29183;2774.00;1459.50;0;0;3;;RUB;RUB
29187;2774.00;1459.50;0;0;3;;RUB;RUB
30078;1241.00;619.50;1;0;3;;RUB;RUB
30379;1178.00;588.00;0;0;3;;RUB;RUB
31002;1379.00;688.80;0;0;3;;RUB;RUB
31130;5519.00;3045.00;1;1;1;;RUB;RUB
31134;1960.00;1031.10;0;0;3;;RUB;RUB
31136;1960.00;1031.10;0;0;3;;RUB;RUB
31541;854.00;378.00;0;0;3;;RUB;RUB
31611;2186.00;1148.70;0;0;3;;RUB;RUB
31830;2416.00;1270.50;0;0;3;;RUB;RUB
32741;787.00;289.80;0;0;3;;RUB;RUB
32750;761.00;281.40;0;0;3;;RUB;RUB
32758;865.00;382.20;0;0;3;;RUB;RUB
32762;1613.00;806.40;1;1;1;телесный;RUB;RUB
32763;1613.00;806.40;0;0;3;;RUB;RUB
32769;804.00;357.00;0;0;3;;RUB;RUB
32771;922.00;409.50;0;0;3;;RUB;RUB
32802;382.00;127.26;0;0;3;;RUB;RUB
32806;1865.00;932.40;1;1;1;телесный;RUB;RUB
32822;1769.00;884.10;0;0;3;;RUB;RUB
32862;3823.00;2121.00;0;0;3;;RUB;RUB
32916;2182.00;1146.60;1;1;1;телесный;RUB;RUB
32919;2030.00;1066.80;1;1;1;телесный;RUB;RUB
32923;1400.00;699.30;1;36;1;телесный;RUB;RUB
32925;2290.00;1203.30;0;0;3;;RUB;RUB
32975;1465.00;548.10;1;5;1;телесный;RUB;RUB
32989;1180.00;588.00;1;6;1;телесный;RUB;RUB
33013;5183.00;2877.00;0;0;3;;RUB;RUB
33116;1291.00;644.70;0;0;3;;RUB;RUB
33138;1954.00;1026.90;0;0;3;;RUB;RUB
33146;5201.00;2877.00;0;0;3;;RUB;RUB
33173;4545.00;2520.00;0;0;3;;RUB;RUB
33192;4323.00;2394.00;0;0;3;;RUB;RUB
33197;4323.00;2394.00;0;0;3;;RUB;RUB
33205;4136.00;2289.00;0;0;3;;RUB;RUB
33222;1905.00;1001.70;0;0;3;;RUB;RUB
33234;1924.00;961.80;1;1;1;телесный;RUB;RUB
33247;1924.00;961.80;0;0;3;;RUB;RUB
33255;1905.00;951.30;0;0;3;;RUB;RUB
33262;1726.00;861.00;0;0;3;;RUB;RUB
33277;1913.00;955.50;0;0;3;;RUB;RUB
33291;2155.00;1134.00;1;1;1;телесный;RUB;RUB
33315;2244.00;1180.20;0;0;3;;RUB;RUB
33324;1798.00;898.80;0;0;3;;RUB;RUB
33328;1706.00;852.60;0;0;3;;RUB;RUB
33830;335.00;95.76;0;0;3;;RUB;RUB
33852;2074.00;1089.90;0;0;3;;RUB;RUB
33962;721.00;319.20;1;1;1;прозрачный;RUB;RUB
34012;782.00;346.50;0;0;3;;RUB;RUB
34158;2740.00;1440.60;0;0;3;;RUB;RUB
34469;1818.00;907.20;0;0;3;;RUB;RUB
35147;1818.00;907.20;0;0;3;;RUB;RUB
35152;1530.00;764.40;0;0;3;;RUB;RUB
35154;1535.00;766.50;0;0;3;;RUB;RUB
35188;4959.00;2751.00;1;1;1;телесный;RUB;RUB
35291;1996.00;997.50;1;1;1;телесный;RUB;RUB
35316;2749.00;1446.90;0;0;3;;RUB;RUB
35321;1726.00;861.00;0;0;3;;RUB;RUB
35326;2145.00;1127.70;0;0;3;;RUB;RUB
35621;3100.00;1631.70;0;0;3;;RUB;RUB
36234;1443.00;720.30;0;0;3;;RUB;RUB
36251;2292.00;1205.40;0;0;3;;RUB;RUB
36253;2120.00;1115.10;0;0;3;;RUB;RUB
36258;2105.00;1106.70;0;0;3;;RUB;RUB
36263;2510.00;1320.90;0;0;3;;RUB;RUB
36277;1927.00;1012.20;0;0;3;;RUB;RUB
36350;926.00;411.60;0;0;3;;RUB;RUB
36504;7190.00;3990.00;0;0;3;;RUB;RUB
36510;5568.00;3087.00;0;0;3;;RUB;RUB
36571;301.00;86.10;0;0;3;;RUB;RUB
36738;1008.00;447.30;0;0;3;;RUB;RUB
36742;585.00;194.88;0;0;3;;RUB;RUB
36857;1293.00;644.70;0;0;3;;RUB;RUB
36858;3063.00;1610.70;0;0;3;;RUB;RUB
36871;4089.00;2268.00;1;1;1;;RUB;RUB
37161;286.00;81.69;0;0;3;;RUB;RUB
37178;1394.00;695.10;0;0;3;;RUB;RUB
37218;3050.00;1604.40;0;0;3;;RUB;RUB
37479;805.00;298.20;0;0;3;;RUB;RUB
37802;2436.00;1281.00;0;0;3;;RUB;RUB
37844;4629.00;2562.00;0;0;3;;RUB;RUB
37885;1635.00;816.90;0;0;3;;RUB;RUB
37897;1089.00;543.90;0;0;3;;RUB;RUB
37898;705.00;260.40;0;0;3;;RUB;RUB
37899;1089.00;543.90;0;0;3;;RUB;RUB
37952;2527.00;1329.30;0;0;3;;RUB;RUB
37957;2458.00;1293.60;0;0;3;;RUB;RUB
38140;1790.00;894.60;0;0;3;;RUB;RUB
38319;6550.00;3633.00;0;0;3;;RUB;RUB
38320;6548.00;3633.00;0;0;3;;RUB;RUB
39218;2579.00;1356.60;0;0;3;;RUB;RUB
39269;1716.00;856.80;1;1;1;"54-56 черный";RUB;RUB
39289;1958.00;978.60;0;0;3;;RUB;RUB
39428;1130.00;564.90;0;0;3;;RUB;RUB
39430;1106.00;552.30;0;0;3;;RUB;RUB
39431;1637.00;816.90;0;0;3;;RUB;RUB
39432;2776.00;1459.50;0;0;3;;RUB;RUB
39433;8551.00;4746.00;0;0;3;;RUB;RUB
39796;575.00;212.10;0;0;3;;RUB;RUB
39878;678.00;300.30;0;0;3;;RUB;RUB
39879;790.00;291.90;0;0;3;;RUB;RUB
40100;2642.00;1465.80;0;0;3;;RUB;RUB
40402;805.00;298.20;0;0;3;;RUB;RUB
40630;5087.00;2814.00;0;0;3;;RUB;RUB
40669;1555.00;777.00;0;0;3;;RUB;RUB
44903;309.00;88.41;0;0;3;;RUB;RUB
45004;2495.00;1312.50;0;0;3;;RUB;RUB
45245;5588.00;3087.00;0;0;3;;RUB;RUB
45428;2455.00;1291.50;0;0;3;;RUB;RUB
45433;2489.00;1308.30;1;1;1;черный;RUB;RUB
45561;1334.00;665.70;0;0;3;;RUB;RUB
45575;770.00;283.50;0;0;3;;RUB;RUB
45586;4259.00;2352.00;0;0;3;;RUB;RUB
45909;5841.00;3234.00;0;0;3;;RUB;RUB
45996;3326.00;1749.30;0;0;3;;RUB;RUB
46204;1079.00;537.60;0;0;3;;RUB;RUB
46327;599.00;199.50;0;0;3;;RUB;RUB
46328;1103.00;489.30;0;0;3;;RUB;RUB
46329;599.00;199.50;0;0;3;;RUB;RUB
46330;980.00;434.70;0;0;3;;RUB;RUB
46337;599.00;199.50;0;0;3;;RUB;RUB
46836;809.00;489.30;0;0;3;;RUB;RUB
46846;1218.00;726.60;0;0;3;;RUB;RUB
47289;2068.00;1087.80;0;0;3;;RUB;RUB
47838;1040.00;518.70;1;2;1;телесный;RUB;RUB
48103;709.00;262.50;1;0;3;;RUB;RUB
48964;576.00;191.73;0;0;3;;RUB;RUB
48965;469.00;156.24;0;0;3;;RUB;RUB
49188;24380.00;15729.00;0;0;3;;RUB;RUB
49452;1838.00;917.70;0;0;3;;RUB;RUB
49466;787.00;289.80;0;0;3;;RUB;RUB
49566;576.00;191.94;0;0;3;;RUB;RUB
49633;2706.00;1423.80;0;0;3;;RUB;RUB
50139;1067.00;472.50;0;0;3;;RUB;RUB
50145;696.00;308.70;0;0;3;;RUB;RUB
51147;485.00;161.49;0;0;3;;RUB;RUB
51154;467.00;155.61;0;0;3;;RUB;RUB
51157;456.00;151.83;0;0;3;;RUB;RUB
51194;1825.00;911.40;0;0;3;;RUB;RUB
51237;5298.00;2940.00;0;0;3;;RUB;RUB
51278;2316.00;1218.00;0;0;3;;RUB;RUB
51279;3480.00;1831.20;0;0;3;;RUB;RUB
51289;2316.00;1218.00;0;0;3;;RUB;RUB
51290;2316.00;1218.00;0;0;3;;RUB;RUB
51291;2930.00;1434.30;0;0;3;;RUB;RUB
51531;4372.00;2415.00;0;0;3;;RUB;RUB
51614;1062.00;529.20;0;0;3;;RUB;RUB
51801;10443.00;5964.00;0;0;3;;RUB;RUB
51981;478.00;159.39;0;0;3;;RUB;RUB
52659;564.00;207.90;0;0;3;;RUB;RUB
52660;549.00;201.60;0;0;3;;RUB;RUB
52662;610.00;224.70;0;0;3;;RUB;RUB
52811;3642.00;2016.00;0;0;3;;RUB;RUB
52912;18888.00;12180.00;0;0;3;;RUB;RUB
53730;5670.00;3150.00;0;0;3;;RUB;RUB
53765;1232.00;615.30;0;0;3;;RUB;RUB
53902;2612.00;1373.40;0;0;3;;RUB;RUB
53956;1920.00;1010.10;0;0;3;;RUB;RUB
53958;795.00;294.00;0;0;3;;RUB;RUB
53959;775.00;285.60;0;0;3;;RUB;RUB
54121;588.00;361.20;0;0;3;;RUB;RUB
54784;600.00;411.60;0;0;3;;RUB;RUB
55209;1363.00;680.40;0;0;3;;RUB;RUB
55215;729.00;268.80;0;0;3;;RUB;RUB
55217;693.00;306.60;0;0;3;;RUB;RUB
55218;1938.00;968.10;0;0;3;;RUB;RUB
55323;9427.00;5376.00;0;0;3;;RUB;RUB
55351;2202.00;1157.10;0;0;3;;RUB;RUB
55368;2609.00;1371.30;0;0;3;;RUB;RUB
55376;1951.00;974.40;0;0;3;;RUB;RUB
55378;2133.00;1121.40;0;0;3;;RUB;RUB
55644;1101.00;487.20;0;0;3;;RUB;RUB
55645;1076.00;537.60;0;0;3;;RUB;RUB
55647;1013.00;506.10;0;0;3;;RUB;RUB
55672;8093.00;4494.00;0;0;3;;RUB;RUB
55699;803.00;357.00;0;0;3;;RUB;RUB
55700;837.00;371.70;0;0;3;;RUB;RUB
55704;725.00;321.30;0;0;3;;RUB;RUB
55705;937.00;415.80;0;0;3;;RUB;RUB
55707;2016.00;1060.50;0;0;3;;RUB;RUB
55841;730.00;323.40;0;0;3;;RUB;RUB
55843;781.00;346.50;0;0;3;;RUB;RUB
55845;14408.00;8232.00;0;0;3;;RUB;RUB
56116;23884.00;15393.00;0;0;3;;RUB;RUB
56254;5391.00;2982.00;0;0;3;;RUB;RUB
56309;737.00;273.00;0;0;3;;RUB;RUB
56318;1086.00;480.90;0;0;3;;RUB;RUB
56338;1351.00;674.10;0;0;3;;RUB;RUB
56340;1331.00;663.60;0;0;3;;RUB;RUB
56343;8458.00;4683.00;0;0;3;;RUB;RUB
56554;1961.00;1031.10;0;0;3;;RUB;RUB
56819;736.00;270.90;0;0;3;;RUB;RUB
56907;732.00;323.40;0;0;3;;RUB;RUB
56908;736.00;325.50;0;0;3;;RUB;RUB
56919;564.00;207.90;0;0;3;;RUB;RUB
56970;769.00;283.50;0;0;3;;RUB;RUB
56974;1200.00;598.50;0;0;3;;RUB;RUB
57086;3456.00;1818.60;0;0;3;;RUB;RUB
57091;2592.00;1362.90;0;0;3;;RUB;RUB
57094;2007.00;1056.30;0;0;3;;RUB;RUB
57101;893.00;396.90;0;0;3;;RUB;RUB
57105;728.00;268.80;0;0;3;;RUB;RUB
57250;802.00;296.10;0;0;3;;RUB;RUB
57253;677.00;300.30;0;0;3;;RUB;RUB
57908;2873.00;1509.90;0;0;3;;RUB;RUB
57912;4009.00;2226.00;0;0;3;;RUB;RUB
58022;1825.00;911.40;0;0;3;;RUB;RUB
58099;4583.00;2541.00;0;0;3;;RUB;RUB
58183;5346.00;2961.00;0;0;3;;RUB;RUB
58281;1516.00;756.00;1;2;1;телесный;RUB;RUB
58566;4693.00;2604.00;0;0;3;;RUB;RUB
58785;3795.00;1997.10;0;0;3;;RUB;RUB
58798;2063.00;1085.70;0;0;3;;RUB;RUB
59061;791.00;350.70;0;0;3;;RUB;RUB
59203;4798.00;2646.00;0;0;3;;RUB;RUB
59204;5606.00;3108.00;0;0;3;;RUB;RUB
59539;2619.00;1377.60;0;0;3;;RUB;RUB
59586;2020.00;1062.60;0;0;3;;RUB;RUB
59788;722.00;319.20;0;0;3;;RUB;RUB
60047;2444.00;1285.20;0;0;3;;RUB;RUB
60350;1426.00;711.90;1;1;1;телесный;RUB;RUB
60361;5363.00;2961.00;0;0;3;;RUB;RUB
60362;6525.00;3612.00;0;0;3;;RUB;RUB
60367;844.00;373.80;0;0;3;;RUB;RUB
60378;1050.00;525.00;0;0;3;;RUB;RUB
60678;3814.00;2100.00;0;0;3;;RUB;RUB
61302;2259.00;1188.60;1;1;1;телесный;RUB;RUB
61304;2259.00;1188.60;0;0;3;;RUB;RUB
61744;3296.00;1734.60;0;0;3;;RUB;RUB
61745;2927.00;1539.30;0;0;3;;RUB;RUB
61750;2058.00;1081.50;0;0;3;;RUB;RUB
61910;5657.00;3129.00;0;0;3;;RUB;RUB
61917;6113.00;3381.00;0;0;3;;RUB;RUB
62010;1488.00;743.40;0;0;3;;RUB;RUB
62035;4904.00;2709.00;0;0;3;;RUB;RUB
62069;510.00;279.30;0;0;3;;RUB;RUB
62747;1628.00;812.70;0;0;3;;RUB;RUB
62782;1334.00;665.70;0;0;3;;RUB;RUB
62784;654.00;241.50;0;0;3;;RUB;RUB
62958;2176.00;1144.50;0;0;3;;RUB;RUB
62962;2065.00;1085.70;0;0;3;;RUB;RUB
62964;2065.00;1085.70;1;2;1;телесный;RUB;RUB
62965;2065.00;1085.70;0;0;3;;RUB;RUB
63019;9346.00;5334.00;0;0;3;;RUB;RUB
63068;819.00;504.00;0;0;3;;RUB;RUB
63101;739.00;273.00;0;0;3;;RUB;RUB
63104;1101.00;487.20;0;0;3;;RUB;RUB
63105;576.00;191.73;0;0;3;;RUB;RUB
63251;6395.00;3549.00;0;0;3;;RUB;RUB
63253;10823.00;6174.00;0;0;3;;RUB;RUB
63490;1070.00;533.40;0;0;3;;RUB;RUB
63496;1070.00;533.40;0;0;3;;RUB;RUB
63502;1024.00;453.60;0;0;3;;RUB;RUB
63586;794.00;294.00;0;0;3;;RUB;RUB
63644;1470.00;814.80;0;0;3;;RUB;RUB
63722;1008.00;504.00;0;0;3;;RUB;RUB
63770;1013.00;506.10;0;0;3;;RUB;RUB
63788;559.00;186.06;0;0;3;;RUB;RUB
63791;250.00;71.40;0;0;3;;RUB;RUB
63792;625.00;382.20;0;0;3;;RUB;RUB
64339;4219.00;2331.00;0;0;3;;RUB;RUB
64359;1060.00;470.40;0;0;3;;RUB;RUB
64364;988.00;438.90;0;0;3;;RUB;RUB
64365;803.00;354.90;0;0;3;;RUB;RUB
64366;829.00;367.50;0;0;3;;RUB;RUB
64370;766.00;340.20;0;0;3;;RUB;RUB
64373;1346.00;672.00;0;0;3;;RUB;RUB
64378;2121.00;1115.10;0;0;3;;RUB;RUB
64380;1006.00;445.20;0;0;3;;RUB;RUB
64597;360.00;212.10;0;0;3;;RUB;RUB
64598;360.00;212.10;0;0;3;;RUB;RUB
64795;1711.00;854.70;1;1;1;серебристый;RUB;RUB
65081;3004.00;1579.20;0;0;3;;RUB;RUB
65105;1060.00;470.40;1;2;1;прозрачный;RUB;RUB
65134;1123.00;497.70;0;0;3;;RUB;RUB
65177;4843.00;2688.00;1;1;1;"телесный с черным";RUB;RUB
65214;3497.00;1839.60;0;0;3;;RUB;RUB
65238;2334.00;1228.50;1;1;1;телесный;RUB;RUB
65265;793.00;350.70;0;0;3;;RUB;RUB
65346;1343.00;669.90;0;0;3;;RUB;RUB
65398;920.00;510.30;0;0;3;;RUB;RUB
65406;2165.00;1138.20;0;0;3;;RUB;RUB
65553;1237.00;617.40;0;0;3;;RUB;RUB
65554;1020.00;508.20;0;0;3;;RUB;RUB
65557;1237.00;617.40;0;0;3;;RUB;RUB
65558;1020.00;508.20;0;0;3;;RUB;RUB
65559;1237.00;617.40;0;0;3;;RUB;RUB
65561;1237.00;617.40;0;0;3;;RUB;RUB
66045;1110.00;554.40;0;0;3;;RUB;RUB
66971;4381.00;2415.00;0;0;3;;RUB;RUB
67045;1013.00;449.40;0;0;3;;RUB;RUB
67134;1346.00;672.00;0;0;3;;RUB;RUB
67407;4251.00;2352.00;0;0;3;;RUB;RUB
67420;7489.00;4158.00;0;0;3;;RUB;RUB
67422;4505.00;2499.00;0;0;3;;RUB;RUB
67451;774.00;342.30;0;0;3;;RUB;RUB
67517;1778.00;888.30;0;0;3;;RUB;RUB
67519;5825.00;3234.00;0;0;3;;RUB;RUB
67683;550.00;203.70;0;0;3;;RUB;RUB
67704;2415.00;1270.50;0;0;3;;RUB;RUB
67793;1331.00;663.60;0;0;3;;RUB;RUB
67852;11021.00;6279.00;0;0;3;;RUB;RUB
73257;9724.00;5544.00;0;0;3;;RUB;RUB
73258;557.00;336.00;0;0;3;;RUB;RUB
73260;666.00;245.70;0;0;3;;RUB;RUB
73262;683.00;302.40;0;0;3;;RUB;RUB
73268;1194.00;596.40;0;0;3;;RUB;RUB
73941;2548.00;1339.80;0;0;3;;RUB;RUB
74580;4908.00;2709.00;0;0;3;;RUB;RUB
74695;5386.00;2982.00;0;0;3;;RUB;RUB
74699;1760.00;879.90;0;0;3;;RUB;RUB
74994;1975.00;987.00;0;0;3;;RUB;RUB
74995;1975.00;987.00;0;0;3;;RUB;RUB
78006;4854.00;2688.00;0;0;3;;RUB;RUB
78152;692.00;256.20;0;0;3;;RUB;RUB
78358;1848.00;924.00;0;0;3;;RUB;RUB
78363;2253.00;1184.40;0;0;3;;RUB;RUB
78456;726.00;321.30;0;0;3;;RUB;RUB
78568;882.00;390.60;0;0;3;;RUB;RUB
78666;444.00;147.84;0;0;3;;RUB;RUB
78667;964.00;428.40;0;0;3;;RUB;RUB
78668;444.00;147.84;0;0;3;;RUB;RUB
78669;444.00;147.84;0;0;3;;RUB;RUB
78670;689.00;304.50;0;0;3;;RUB;RUB
78671;444.00;147.84;0;0;3;;RUB;RUB
78672;698.00;308.70;0;0;3;;RUB;RUB
78757;5894.00;3255.00;0;0;3;;RUB;RUB
79240;1445.00;722.40;0;0;3;;RUB;RUB
79243;1638.00;816.90;0;0;3;;RUB;RUB
79292;3449.00;1814.40;0;0;3;;RUB;RUB
79918;736.00;325.50;0;0;3;;RUB;RUB
80094;2995.00;1575.00;1;0;3;;RUB;RUB
80259;4034.00;2226.00;0;0;3;;RUB;RUB
80742;796.00;294.00;0;0;3;;RUB;RUB
80801;1637.00;816.90;0;0;3;;RUB;RUB
80802;1559.00;779.10;0;0;3;;RUB;RUB
80950;568.00;210.00;0;0;3;;RUB;RUB
80970;2329.00;1224.30;0;0;3;;RUB;RUB
81075;1266.00;632.10;0;0;3;;RUB;RUB
81182;1775.00;886.20;0;0;3;;RUB;RUB
81244;1663.00;831.60;0;0;3;;RUB;RUB
82337;1333.00;665.70;0;0;3;;RUB;RUB
83233;2397.00;1260.00;0;0;3;;RUB;RUB
83690;4517.00;2499.00;0;0;3;;RUB;RUB
83698;8325.00;4620.00;0;0;3;;RUB;RUB
83717;3249.00;1709.40;0;0;3;;RUB;RUB
84494;1788.00;892.50;0;0;3;;RUB;RUB
84498;1743.00;869.40;0;0;3;;RUB;RUB
84499;1606.00;802.20;0;0;3;;RUB;RUB
84501;1632.00;814.80;0;0;3;;RUB;RUB
84532;3995.00;2205.00;0;0;3;;RUB;RUB
84902;2884.00;1516.20;0;0;3;;RUB;RUB
85026;5151.00;2856.00;1;0;3;;RUB;RUB
86097;3653.00;2016.00;0;0;3;;RUB;RUB
86624;2949.00;1551.90;0;0;3;;RUB;RUB
86723;739.00;273.00;0;0;3;;RUB;RUB
88461;721.00;266.70;0;0;3;;RUB;RUB
88466;1229.00;613.20;0;0;3;;RUB;RUB
88664;1058.00;527.10;1;1;1;телесный;RUB;RUB
88987;1145.00;571.20;0;0;3;;RUB;RUB
89710;1606.00;802.20;0;0;3;;RUB;RUB
89744;1435.00;716.10;0;0;3;;RUB;RUB
90052;6021.00;1988.70;0;0;3;;RUB;RUB
91784;5070.00;1673.70;0;0;3;;RUB;RUB
92343;2345.00;1232.70;0;0;3;;RUB;RUB
93388;4759.00;2625.00;0;0;3;;RUB;RUB
93390;1772.00;884.10;0;0;3;;RUB;RUB
94700;844.00;373.80;0;0;3;;RUB;RUB
94704;844.00;373.80;0;0;3;;RUB;RUB
96229;983.00;434.70;0;0;3;;RUB;RUB
96234;784.00;346.50;0;0;3;;RUB;RUB
99688;859.00;380.10;0;0;3;;RUB;RUB
99698;2511.00;1320.90;0;0;3;;RUB;RUB
99707;694.00;306.60;0;0;3;;RUB;RUB
100095;1011.00;447.30;0;0;3;;RUB;RUB
100107;1857.00;928.20;0;0;3;;RUB;RUB
100288;2354.00;1236.90;0;0;3;;RUB;RUB
101148;2654.00;1396.50;0;0;3;;RUB;RUB
101173;3417.00;1797.60;0;0;3;;RUB;RUB
101369;1503.00;749.70;0;0;3;;RUB;RUB
101503;1914.00;1005.90;0;0;3;;RUB;RUB
102237;2604.00;1369.20;1;2;1;"L черный";RUB;RUB
102423;559.00;186.06;0;0;3;;RUB;RUB
102428;559.00;186.06;0;0;3;;RUB;RUB
102592;3864.00;2142.00;0;0;3;;RUB;RUB
102600;4739.00;2625.00;0;0;3;;RUB;RUB
102601;4707.00;2604.00;0;0;3;;RUB;RUB
103124;10392.00;5922.00;1;1;1;черный;RUB;RUB
103129;2788.00;1465.80;0;0;3;;RUB;RUB
103563;1023.00;510.30;0;0;3;;RUB;RUB
103565;775.00;285.60;0;0;3;;RUB;RUB
103719;1105.00;489.30;0;0;3;;RUB;RUB
103720;1060.00;470.40;0;0;3;;RUB;RUB
103727;1015.00;506.10;0;0;3;;RUB;RUB
104707;1333.00;665.70;0;0;3;;RUB;RUB
104716;1475.00;737.10;0;0;3;;RUB;RUB
104785;1107.00;491.40;0;0;3;;RUB;RUB
104791;1924.00;961.80;1;1;1;телесный;RUB;RUB
104795;5350.00;2961.00;0;0;3;;RUB;RUB
105275;743.00;275.10;0;0;3;;RUB;RUB
105277;638.00;235.20;0;0;3;;RUB;RUB
105285;793.00;291.90;0;0;3;;RUB;RUB
105298;2477.00;1302.00;0;0;3;;RUB;RUB
105372;681.00;302.40;0;0;3;;RUB;RUB
105373;681.00;252.00;0;0;3;;RUB;RUB
105414;376.00;125.37;0;0;3;;RUB;RUB
105415;388.00;129.15;0;0;3;;RUB;RUB
105421;1026.00;455.70;1;1;1;тигровый;RUB;RUB
105426;799.00;354.90;0;0;3;;RUB;RUB
105427;677.00;249.90;0;0;3;;RUB;RUB
105497;1528.00;762.30;0;0;3;;RUB;RUB
105502;1271.00;634.20;0;0;3;;RUB;RUB
105503;1643.00;821.10;0;0;3;;RUB;RUB
105652;1006.00;501.90;0;0;3;;RUB;RUB
105895;547.00;182.28;0;0;3;;RUB;RUB
105899;719.00;264.60;0;0;3;;RUB;RUB
105900;1211.00;604.80;0;0;3;;RUB;RUB
105904;580.00;214.20;0;0;3;;RUB;RUB
105906;580.00;214.20;0;0;3;;RUB;RUB
105918;580.00;214.20;0;0;3;;RUB;RUB
106433;1503.00;749.70;0;0;3;;RUB;RUB
106844;1674.00;835.80;0;0;3;;RUB;RUB
107358;1551.00;774.90;0;0;3;;RUB;RUB
107694;1187.00;592.20;0;0;3;;RUB;RUB
107750;1196.00;596.40;0;0;3;;RUB;RUB
107925;3883.00;2142.00;0;0;3;;RUB;RUB
107927;3395.00;1785.00;0;0;3;;RUB;RUB
107929;3395.00;1785.00;0;0;3;;RUB;RUB
107936;3478.00;1829.10;0;0;3;;RUB;RUB
107963;787.00;289.80;0;0;3;;RUB;RUB
107990;759.00;279.30;0;0;3;;RUB;RUB
108016;767.00;470.40;0;0;3;;RUB;RUB
108095;1463.00;730.80;0;0;3;;RUB;RUB
108343;441.00;147.00;0;0;3;;RUB;RUB
108348;579.00;214.20;0;0;3;;RUB;RUB
108369;7778.00;4305.00;1;1;1;телесный;RUB;RUB
108377;3784.00;1990.80;0;0;3;;RUB;RUB
108460;579.00;214.20;0;0;3;;RUB;RUB
108603;1269.00;634.20;0;0;3;;RUB;RUB
108611;947.00;420.00;0;0;3;;RUB;RUB
109094;1859.00;928.20;0;0;3;;RUB;RUB
109097;1706.00;852.60;0;0;3;;RUB;RUB
109101;1706.00;852.60;0;0;3;;RUB;RUB
109178;1066.00;531.30;0;0;3;;RUB;RUB
109181;1086.00;480.90;1;11;1;;RUB;RUB
109182;1086.00;480.90;1;6;1;;RUB;RUB
109183;1258.00;627.90;0;0;3;;RUB;RUB
110390;758.00;336.00;0;0;3;;RUB;RUB
110392;758.00;336.00;0;0;3;;RUB;RUB
110403;1013.00;449.40;0;0;3;;RUB;RUB
110792;1776.00;886.20;0;0;3;;RUB;RUB
110875;1583.00;791.70;0;0;3;;RUB;RUB
112779;1570.00;783.30;0;0;3;;RUB;RUB
114632;555.00;184.80;0;0;3;;RUB;RUB
117244;1804.00;900.90;0;0;3;;RUB;RUB
117625;76310.00;54495.00;0;0;3;;RUB;RUB
117636;3995.00;2205.00;0;0;3;;RUB;RUB
117893;1027.00;455.70;0;0;3;;RUB;RUB
117900;8920.00;5082.00;0;0;3;;RUB;RUB
117960;1520.00;758.10;0;0;3;;RUB;RUB
117968;2470.00;1299.90;0;0;3;;RUB;RUB
117969;1374.00;686.70;0;0;3;;RUB;RUB
117976;2022.00;1062.60;0;0;3;;RUB;RUB
118085;1955.00;1029.00;0;0;3;;RUB;RUB
118086;2022.00;1062.60;0;0;3;;RUB;RUB
118104;554.00;203.70;0;0;3;;RUB;RUB
118105;754.00;333.90;0;0;3;;RUB;RUB
118106;554.00;203.70;0;0;3;;RUB;RUB
118107;554.00;203.70;0;0;3;;RUB;RUB
118243;1703.00;850.50;0;0;3;;RUB;RUB
119039;740.00;327.60;0;0;3;;RUB;RUB
119086;809.00;359.10;1;1;1;голубой;RUB;RUB
119601;702.00;310.80;0;0;3;;RUB;RUB
120012;6788.00;3759.00;0;0;3;;RUB;RUB
121883;1100.00;487.20;0;0;3;;RUB;RUB
121903;555.00;203.70;0;0;3;;RUB;RUB
122031;800.00;354.90;0;0;3;;RUB;RUB
122032;1067.00;472.50;0;0;3;;RUB;RUB
122061;1270.00;634.20;0;0;3;;RUB;RUB
122064;1539.00;768.60;0;0;3;;RUB;RUB
122542;1777.00;888.30;0;0;3;;RUB;RUB
122548;1564.00;781.20;1;1;1;телесный;RUB;RUB
122550;1564.00;781.20;1;1;1;телесный;RUB;RUB
123344;790.00;291.90;0;0;3;;RUB;RUB
123346;257.00;73.50;0;0;3;;RUB;RUB
123348;262.00;74.97;0;0;3;;RUB;RUB
124937;1068.00;533.40;0;0;3;;RUB;RUB
124939;1050.00;522.90;0;0;3;;RUB;RUB
126686;1115.00;556.50;0;0;3;;RUB;RUB
126975;540.00;179.97;0;0;3;;RUB;RUB
126978;348.00;99.54;0;0;3;;RUB;RUB
127051;4234.00;2352.00;0;0;3;;RUB;RUB
128599;3077.00;1619.10;0;0;3;;RUB;RUB
128668;3285.00;1728.30;0;0;3;;RUB;RUB
128712;976.00;432.60;0;0;3;;RUB;RUB
130351;1445.00;720.30;0;0;3;;RUB;RUB
130426;780.00;336.00;0;0;3;;RUB;RUB
131490;774.00;342.30;0;0;3;;RUB;RUB
131643;17057.00;9744.00;0;0;3;;RUB;RUB
132467;1635.00;816.90;0;0;3;;RUB;RUB
132490;2632.00;1383.90;0;0;3;;RUB;RUB
133788;1753.00;875.70;0;0;3;;RUB;RUB
134612;4843.00;2688.00;0;0;3;;RUB;RUB
137857;1942.00;1020.60;1;1;1;коричневый;RUB;RUB
137886;1797.00;896.70;0;0;3;;RUB;RUB
137924;1050.00;522.90;1;1;1;черный;RUB;RUB
138296;9485.00;5418.00;0;0;3;;RUB;RUB
138371;4356.00;2415.00;0;0;3;;RUB;RUB
138643;2113.00;1110.90;0;0;3;;RUB;RUB
141198;1657.00;827.40;1;1;1;белый;RUB;RUB
141483;1349.00;674.10;0;0;3;;RUB;RUB
141501;2147.00;1129.80;0;0;3;;RUB;RUB
143111;1379.00;688.80;0;0;3;;RUB;RUB
146269;3052.00;1606.50;0;0;3;;RUB;RUB
146274;2521.00;1325.10;0;0;3;;RUB;RUB
146303;376.00;125.37;0;0;3;;RUB;RUB
147767;931.00;413.70;0;0;3;;RUB;RUB
147811;358.00;119.07;1;1;1;красный;RUB;RUB
147818;742.00;329.70;0;0;3;;RUB;RUB
147834;919.00;407.40;0;0;3;;RUB;RUB
147985;1593.00;795.90;0;0;3;;RUB;RUB
147994;797.00;352.80;0;0;3;;RUB;RUB
147995;797.00;352.80;0;0;3;;RUB;RUB
148001;1591.00;793.80;0;0;3;;RUB;RUB
148167;1762.00;879.90;0;0;3;;RUB;RUB
148168;1762.00;879.90;0;0;3;;RUB;RUB
149458;1602.00;800.10;1;1;1;телесный;RUB;RUB
150242;1002.00;445.20;0;0;3;;RUB;RUB
150502;598.00;220.50;0;0;3;;RUB;RUB
150704;2207.00;1161.30;0;0;3;;RUB;RUB
151903;704.00;260.40;0;0;3;;RUB;RUB
151904;704.00;260.40;0;0;3;;RUB;RUB
151905;704.00;260.40;0;0;3;;RUB;RUB
151906;414.00;137.97;0;0;3;;RUB;RUB
152107;620.00;378.00;0;0;3;;RUB;RUB
152164;722.00;319.20;0;0;3;;RUB;RUB
152169;722.00;319.20;0;0;3;;RUB;RUB
152189;569.00;210.00;0;0;3;;RUB;RUB
153000;554.00;203.70;0;0;3;;RUB;RUB
153978;2995.00;1755.60;0;0;3;;RUB;RUB
154389;1179.00;619.50;1;4;1;белый;RUB;RUB
154534;2186.00;1148.70;0;0;3;;RUB;RUB
154536;2258.00;1186.50;0;0;3;;RUB;RUB
154538;2186.00;1148.70;0;0;3;;RUB;RUB
154763;399.00;249.90;0;0;3;;RUB;RUB
157212;2181.00;1146.60;0;0;3;;RUB;RUB
157213;1308.00;653.10;0;0;3;;RUB;RUB
157214;1376.00;686.70;0;0;3;;RUB;RUB
157215;1401.00;699.30;1;1;1;;RUB;RUB
157235;1768.00;884.10;0;0;3;;RUB;RUB
157380;30584.00;19719.00;0;0;3;;RUB;RUB
157441;6471.00;3591.00;0;0;3;;RUB;RUB
157477;1123.00;560.70;0;0;3;;RUB;RUB
157627;636.00;235.20;0;0;3;;RUB;RUB
157635;1366.00;682.50;0;0;3;;RUB;RUB
158025;343.00;114.24;0;0;3;;RUB;RUB
158028;1799.00;898.80;0;0;3;;RUB;RUB
158032;1591.00;793.80;0;0;3;;RUB;RUB
158040;4603.00;2541.00;1;1;1;телесный;RUB;RUB
158041;3318.00;1745.10;0;0;3;;RUB;RUB
158075;2348.00;1234.80;0;0;3;;RUB;RUB
158333;6527.00;3612.00;0;0;3;;RUB;RUB
158466;1099.00;487.20;0;0;3;;RUB;RUB
158474;1008.00;501.90;0;0;3;;RUB;RUB
158805;2330.00;1226.40;1;1;1;"S-M-L изумрудный";RUB;RUB
167872;724.00;266.70;0;0;3;;RUB;RUB
167889;470.00;156.66;0;0;3;;RUB;RUB
167890;432.00;159.81;0;0;3;;RUB;RUB
167938;1798.00;898.80;0;0;3;;RUB;RUB
169272;2627.00;1381.80;0;0;3;;RUB;RUB
169819;264.00;75.60;0;0;3;;RUB;RUB
170141;441.00;270.90;1;1;1;;RUB;RUB
171258;1942.00;1020.60;0;0;3;;RUB;RUB
173513;262.00;74.97;0;0;3;;RUB;RUB
174164;4815.00;2667.00;0;0;3;;RUB;RUB
174169;4815.00;2667.00;0;0;3;;RUB;RUB
174609;2661.00;1398.60;0;0;3;;RUB;RUB
175205;1236.00;617.40;0;0;3;;RUB;RUB
177805;5841.00;3234.00;0;0;3;;RUB;RUB
177806;3581.00;1883.70;0;0;3;;RUB;RUB
177941;2345.00;1232.70;0;0;3;;RUB;RUB
178313;968.00;428.40;0;0;3;;RUB;RUB
178435;470.00;156.66;0;0;3;;RUB;RUB
178436;923.00;409.50;0;0;3;;RUB;RUB
178566;806.00;298.20;0;0;3;;RUB;RUB
178568;1094.00;485.10;0;0;3;;RUB;RUB
178609;676.00;249.90;0;0;3;;RUB;RUB
178745;9759.00;5565.00;0;0;3;;RUB;RUB
178881;3719.00;1957.20;0;0;3;;RUB;RUB
179373;882.00;390.60;0;0;3;;RUB;RUB
179408;1963.00;1033.20;0;0;3;;RUB;RUB
179413;8234.00;4557.00;0;0;3;;RUB;RUB
179424;2019.00;1062.60;0;0;3;;RUB;RUB
179441;1154.00;575.40;0;0;3;;RUB;RUB
179454;2694.00;1417.50;0;0;3;;RUB;RUB
179457;2483.00;1306.20;0;0;3;;RUB;RUB
179462;4040.00;2226.00;0;0;3;;RUB;RUB
179463;7306.00;4053.00;0;0;3;;RUB;RUB
179464;2550.00;1341.90;0;0;3;;RUB;RUB
179916;359.00;119.70;0;0;3;;RUB;RUB
180407;572.00;210.00;0;0;3;;RUB;RUB
180411;590.00;218.40;0;0;3;;RUB;RUB
180575;756.00;279.30;1;1;1;;RUB;RUB
180748;767.00;283.50;0;0;3;;RUB;RUB
180749;767.00;283.50;0;0;3;;RUB;RUB
180750;643.00;237.30;0;0;3;;RUB;RUB
181052;697.00;256.20;0;0;3;;RUB;RUB
181053;697.00;256.20;0;0;3;;RUB;RUB
181394;2016.00;1060.50;0;0;3;;RUB;RUB
181971;6962.00;3864.00;0;0;3;;RUB;RUB
182014;2205.00;1159.20;0;0;3;;RUB;RUB
182015;3864.00;2142.00;0;0;3;;RUB;RUB
182297;2063.00;1085.70;1;5;1;"S-M черный";RUB;RUB
182567;10111.00;5775.00;0;0;3;;RUB;RUB
182676;10599.00;6048.00;0;0;3;;RUB;RUB
182801;19280.00;12432.00;0;0;3;;RUB;RUB
182804;3944.00;2184.00;0;0;3;;RUB;RUB
182984;1206.00;602.70;0;0;3;;RUB;RUB
183083;1050.00;522.90;0;0;3;;RUB;RUB
183136;1344.00;672.00;0;0;3;;RUB;RUB
183287;848.00;375.90;0;0;3;;RUB;RUB
183293;584.00;216.30;0;0;3;;RUB;RUB
183296;567.00;207.90;0;0;3;;RUB;RUB
183361;514.00;171.15;0;0;3;;RUB;RUB
183369;583.00;214.20;0;0;3;;RUB;RUB
183380;644.00;237.30;0;0;3;;RUB;RUB
183464;1850.00;924.00;1;0;3;;RUB;RUB
183816;19944.00;12852.00;0;0;3;;RUB;RUB
184075;7256.00;4011.00;0;0;3;;RUB;RUB
184544;2272.00;1194.90;1;1;1;телесный;RUB;RUB
184551;1870.00;934.50;1;1;1;телесный;RUB;RUB
184553;1182.00;590.10;0;0;3;;RUB;RUB
184566;1104.00;550.20;0;0;3;;RUB;RUB
184569;2057.00;1081.50;0;0;3;;RUB;RUB
184570;1438.00;718.20;0;0;3;;RUB;RUB
184572;1186.00;592.20;0;0;3;;RUB;RUB
184599;3777.00;1986.60;0;0;3;;RUB;RUB
184859;734.00;270.90;0;0;3;;RUB;RUB
185475;510.00;169.89;0;0;3;;RUB;RUB
185476;547.00;182.28;0;0;3;;RUB;RUB
185477;547.00;182.28;0;0;3;;RUB;RUB
185478;302.00;100.59;0;0;3;;RUB;RUB
185842;932.00;413.70;0;0;3;;RUB;RUB
186128;643.00;237.30;0;0;3;;RUB;RUB
186291;3400.00;1789.20;0;0;3;;RUB;RUB
186605;2361.00;1241.10;0;0;3;;RUB;RUB
186610;1380.00;688.80;0;0;3;;RUB;RUB
186612;1046.00;464.10;0;0;3;;RUB;RUB
186970;1095.00;485.10;0;0;3;;RUB;RUB
186981;2181.00;1146.60;0;0;3;;RUB;RUB
187030;771.00;285.60;0;0;3;;RUB;RUB
187342;5564.00;3087.00;0;0;3;;RUB;RUB
187344;9262.00;5292.00;0;0;3;;RUB;RUB
187746;1089.00;483.00;0;0;3;;RUB;RUB
187747;1046.00;464.10;0;0;3;;RUB;RUB
188080;275.00;78.54;0;0;3;;RUB;RUB
188150;17571.00;11319.00;0;0;3;;RUB;RUB
188421;3205.00;1686.30;0;0;3;;RUB;RUB
188642;5941.00;3297.00;0;0;3;;RUB;RUB
188661;1976.00;1039.50;0;0;3;;RUB;RUB
189211;469.00;156.03;0;0;3;;RUB;RUB
189212;383.00;127.68;0;0;3;;RUB;RUB
189923;879.00;390.60;0;0;3;;RUB;RUB
189924;1424.00;709.80;0;0;3;;RUB;RUB
190069;1602.00;800.10;0;0;3;;RUB;RUB
190079;1380.00;688.80;0;0;3;;RUB;RUB
190080;1256.00;627.90;0;0;3;;RUB;RUB
190104;798.00;294.00;0;0;3;;RUB;RUB
190225;746.00;451.50;0;0;3;;RUB;RUB
190406;746.00;451.50;0;0;3;;RUB;RUB
190631;5779.00;3192.00;0;0;3;;RUB;RUB
190796;2570.00;1352.40;1;2;1;"телесный с черным";RUB;RUB
190797;2826.00;1486.80;0;0;3;;RUB;RUB
190799;2826.00;1486.80;0;0;3;;RUB;RUB
191893;2745.00;1442.70;0;0;3;;RUB;RUB
192831;697.00;256.20;0;0;3;;RUB;RUB
192840;3188.00;1677.90;0;0;3;;RUB;RUB
192883;2546.00;1339.80;1;1;1;"M черный";RUB;RUB
193052;23499.00;15141.00;1;0;3;;RUB;RUB
193053;704.00;260.40;0;0;3;;RUB;RUB
193125;735.00;270.90;0;0;3;;RUB;RUB
193126;731.00;268.80;0;0;3;;RUB;RUB
193127;783.00;289.80;0;0;3;;RUB;RUB
193128;704.00;260.40;0;0;3;;RUB;RUB
195184;547.00;182.28;0;0;3;;RUB;RUB
195781;548.00;201.60;0;0;3;;RUB;RUB
195790;1221.00;609.00;1;1;1;черный;RUB;RUB
195794;1304.00;651.00;0;0;3;;RUB;RUB
195903;570.00;189.84;0;0;3;;RUB;RUB
196012;15523.00;8862.00;0;0;3;;RUB;RUB
196019;33522.00;23940.00;1;0;3;;RUB;RUB
197208;1254.00;625.80;0;0;3;;RUB;RUB
197209;1254.00;625.80;0;0;3;;RUB;RUB
197210;1145.00;571.20;0;0;3;;RUB;RUB
197211;1017.00;451.50;0;0;3;;RUB;RUB
197213;1408.00;703.50;0;0;3;;RUB;RUB
197218;1962.00;980.70;0;0;3;;RUB;RUB
197398;3343.00;1757.70;1;1;1;телесный;RUB;RUB
197443;2972.00;1562.40;1;0;3;;RUB;RUB
197685;14058.00;8022.00;0;0;3;;RUB;RUB
197883;582.00;193.83;0;0;3;;RUB;RUB
197887;751.00;277.20;0;0;3;;RUB;RUB
197898;1331.00;663.60;0;0;3;;RUB;RUB
197940;812.00;359.10;0;0;3;;RUB;RUB
198140;753.00;333.90;0;0;3;;RUB;RUB
198350;319.00;106.26;0;0;3;;RUB;RUB
198351;319.00;106.26;0;0;3;;RUB;RUB
198362;57.00;42.00;0;0;3;;RUB;RUB
198363;281.00;80.43;0;0;3;;RUB;RUB
198364;34.00;25.41;0;0;3;;RUB;RUB
198547;775.00;344.40;0;0;3;;RUB;RUB
199071;5128.00;2835.00;0;0;3;;RUB;RUB
199072;5128.00;2835.00;0;0;3;;RUB;RUB
199073;5128.00;2835.00;0;0;3;;RUB;RUB
199075;5128.00;2835.00;0;0;3;;RUB;RUB
199076;5128.00;2835.00;0;0;3;;RUB;RUB
199081;2962.00;1558.20;0;0;3;;RUB;RUB
199848;1649.00;823.20;0;0;3;;RUB;RUB
199854;3592.00;1890.00;0;0;3;;RUB;RUB
199855;917.00;407.40;0;0;3;;RUB;RUB
199871;1082.00;480.90;0;0;3;;RUB;RUB
199891;1969.00;1035.30;0;0;3;;RUB;RUB
199896;4754.00;2625.00;0;0;3;;RUB;RUB
199908;2025.00;1100.40;0;0;3;;RUB;RUB
199942;4731.00;2625.00;0;0;3;;RUB;RUB
200093;1114.00;556.50;0;0;3;;RUB;RUB
200095;1176.00;585.90;0;0;3;;RUB;RUB
200100;3940.00;2184.00;0;0;3;;RUB;RUB
200659;4642.00;2562.00;0;0;3;;RUB;RUB
201195;704.00;312.90;0;0;3;;RUB;RUB
201212;6284.00;3486.00;0;0;3;;RUB;RUB
201218;267.00;76.44;0;0;3;;RUB;RUB
201238;990.00;499.80;0;0;3;;RUB;RUB
201313;578.00;357.00;0;0;3;;RUB;RUB
201328;10626.00;6069.00;0;0;3;;RUB;RUB
201538;935.00;564.90;0;0;3;;RUB;RUB
201597;7579.00;4200.00;0;0;3;;RUB;RUB
201601;2949.00;1549.80;0;0;3;;RUB;RUB
201755;264.00;75.60;0;0;3;;RUB;RUB
201756;264.00;75.60;0;0;3;;RUB;RUB
201875;1032.00;514.50;0;0;3;;RUB;RUB
201974;689.00;304.50;0;0;3;;RUB;RUB
201977;1027.00;512.40;0;0;3;;RUB;RUB
202003;1940.00;970.20;0;0;3;;RUB;RUB
202165;3417.00;1797.60;0;0;3;;RUB;RUB
202180;1581.00;789.60;0;0;3;;RUB;RUB
202378;316.00;105.21;0;0;3;;RUB;RUB
202392;2290.00;1165.50;0;0;3;;RUB;RUB
202414;2790.00;1600.20;0;0;3;;RUB;RUB
202641;5583.00;3087.00;0;0;3;;RUB;RUB
202653;706.00;312.90;0;0;3;;RUB;RUB
202654;786.00;289.80;0;0;3;;RUB;RUB
202764;1905.00;1001.70;0;0;3;;RUB;RUB
202774;3722.00;1957.20;1;1;1;"S-M белый";RUB;RUB
202861;2920.00;1535.10;1;1;1;"L-XL красный";RUB;RUB
203102;1330.00;663.60;0;0;3;;RUB;RUB
203159;1272.00;634.20;0;0;3;;RUB;RUB
203215;1953.00;1026.90;0;0;3;;RUB;RUB
203261;14898.00;8505.00;0;0;3;;RUB;RUB
203293;806.00;298.20;0;0;3;;RUB;RUB
203304;800.00;296.10;0;0;3;;RUB;RUB
203305;736.00;270.90;0;0;3;;RUB;RUB
203310;1860.00;928.20;0;0;3;;RUB;RUB
203312;33569.00;23961.00;0;0;3;;RUB;RUB
203379;5174.00;2856.00;0;0;3;;RUB;RUB
203400;2286.00;1203.30;1;1;1;телесный;RUB;RUB
203432;5200.00;2877.00;1;0;3;;RUB;RUB
203441;13027.00;7434.00;0;0;3;;RUB;RUB
203530;1602.00;800.10;0;0;3;;RUB;RUB
203556;767.00;470.40;0;0;3;;RUB;RUB
203557;860.00;382.20;1;1;1;;RUB;RUB
203695;2289.00;1203.30;0;0;3;;RUB;RUB
203780;2713.00;1425.90;0;0;3;;RUB;RUB
203942;1565.00;781.20;0;0;3;;RUB;RUB
204197;689.00;304.50;1;31;1;дымчатый;RUB;RUB
204219;1557.00;777.00;0;0;3;;RUB;RUB
204224;942.00;417.90;1;5;1;голубой;RUB;RUB
204225;942.00;417.90;0;0;3;;RUB;RUB
204229;942.00;417.90;0;0;3;;RUB;RUB
204231;949.00;420.00;0;0;3;;RUB;RUB
204236;942.00;417.90;1;3;1;черный;RUB;RUB
204257;689.00;304.50;0;0;3;;RUB;RUB
204321;2089.00;1098.30;0;0;3;;RUB;RUB
204429;4539.00;2520.00;0;0;3;;RUB;RUB
204550;2522.00;1327.20;0;0;3;;RUB;RUB
204569;2160.00;1136.10;0;0;3;;RUB;RUB
204572;1943.00;970.20;0;0;3;;RUB;RUB
206859;923.00;409.50;0;0;3;;RUB;RUB
206860;740.00;273.00;0;0;3;;RUB;RUB
206861;899.00;399.00;0;0;3;;RUB;RUB
206864;740.00;273.00;0;0;3;;RUB;RUB
206894;1890.00;942.90;1;0;3;;RUB;RUB
206897;1650.00;823.20;0;0;3;;RUB;RUB
206902;1699.00;848.40;1;1;1;"S-M белый";RUB;RUB
217511;2873.00;1512.00;0;0;3;;RUB;RUB
217536;4731.00;2625.00;0;0;3;;RUB;RUB
217537;4731.00;2625.00;0;0;3;;RUB;RUB
217597;1861.00;930.30;0;0;3;;RUB;RUB
217598;1684.00;840.00;0;0;3;;RUB;RUB
220278;243.00;69.51;0;0;3;;RUB;RUB
220380;1339.00;667.80;0;0;3;;RUB;RUB
220388;1212.00;604.80;0;0;3;;RUB;RUB
220425;754.00;279.30;1;1;1;черный;RUB;RUB
220427;1915.00;1008.00;0;0;3;;RUB;RUB
220445;6688.00;3696.00;0;0;3;;RUB;RUB
220495;262.00;74.97;0;0;3;;RUB;RUB
222069;1915.00;1008.00;0;0;3;;RUB;RUB
222274;1317.00;657.30;1;0;3;;RUB;RUB
222282;1180.00;590.10;0;0;3;;RUB;RUB
222287;1111.00;554.40;0;0;3;;RUB;RUB
222336;3748.00;1971.90;0;0;3;;RUB;RUB
223734;825.00;365.40;0;0;3;;RUB;RUB
223735;825.00;365.40;0;0;3;;RUB;RUB
223892;538.00;237.30;0;0;3;;RUB;RUB
224382;1731.00;865.20;0;0;3;;RUB;RUB
224448;809.00;298.20;0;0;3;;RUB;RUB
224450;377.00;125.79;0;0;3;;RUB;RUB
224454;377.00;125.79;0;0;3;;RUB;RUB
224458;722.00;319.20;0;0;3;;RUB;RUB
224459;1447.00;722.40;0;0;3;;RUB;RUB
224460;722.00;319.20;0;0;3;;RUB;RUB
224462;722.00;319.20;0;0;3;;RUB;RUB
224464;722.00;319.20;0;0;3;;RUB;RUB
224467;722.00;319.20;0;0;3;;RUB;RUB
224468;1818.00;907.20;0;0;3;;RUB;RUB
224469;1447.00;722.40;0;0;3;;RUB;RUB
224470;722.00;319.20;0;0;3;;RUB;RUB
224472;810.00;359.10;0;0;3;;RUB;RUB
224508;728.00;268.80;0;0;3;;RUB;RUB
224562;542.00;180.39;0;0;3;;RUB;RUB
224564;571.00;190.26;0;0;3;;RUB;RUB
224565;542.00;180.39;0;0;3;;RUB;RUB
224726;1747.00;873.60;0;0;3;;RUB;RUB
225162;1980.00;989.10;0;0;3;;RUB;RUB
225250;2712.00;1425.90;0;0;3;;RUB;RUB
225387;1270.00;634.20;1;1;1;телесный;RUB;RUB
225469;1835.00;915.60;0;0;3;;RUB;RUB
225508;2430.00;1278.90;0;0;3;;RUB;RUB
225595;753.00;333.90;0;0;3;;RUB;RUB
225598;726.00;268.80;0;0;3;;RUB;RUB
225600;705.00;260.40;0;0;3;;RUB;RUB
225603;726.00;268.80;0;0;3;;RUB;RUB
225606;705.00;260.40;0;0;3;;RUB;RUB
225611;691.00;254.10;0;0;3;;RUB;RUB
225615;812.00;359.10;0;0;3;;RUB;RUB
225619;605.00;222.60;1;1;1;телесный;RUB;RUB
225621;536.00;178.71;0;0;3;;RUB;RUB
225857;5839.00;3318.00;1;1;1;телесный;RUB;RUB
225957;9645.00;5502.00;0;0;3;;RUB;RUB
225967;5533.00;3066.00;1;1;1;черный;RUB;RUB
226030;1470.00;732.90;0;0;3;;RUB;RUB
226031;1470.00;732.90;0;0;3;;RUB;RUB
226032;1470.00;732.90;0;0;3;;RUB;RUB
226169;825.00;365.40;0;0;3;;RUB;RUB
227554;1202.00;600.60;1;3;1;розовый;RUB;RUB
227567;8861.00;4914.00;0;0;3;;RUB;RUB
227671;1418.00;707.70;0;0;3;;RUB;RUB
227677;6922.00;3843.00;0;0;3;;RUB;RUB
228053;3062.00;1610.70;0;0;3;;RUB;RUB
228054;5128.00;2835.00;0;0;3;;RUB;RUB
228085;4448.00;2457.00;0;0;3;;RUB;RUB
228087;4448.00;2457.00;0;0;3;;RUB;RUB
228574;2771.00;1457.40;0;0;3;;RUB;RUB
228653;1019.00;508.20;0;0;3;;RUB;RUB
237103;1293.00;644.70;0;0;3;;RUB;RUB
242025;1107.00;552.30;0;0;3;;RUB;RUB
242028;1232.00;615.30;0;0;3;;RUB;RUB
242036;1393.00;695.10;0;0;3;;RUB;RUB
242072;1905.00;951.30;1;1;1;"L нежно-розовый";RUB;RUB
242076;1852.00;926.10;1;1;1;"XL изумрудный";RUB;RUB
244419;1588.00;793.80;1;1;1;"L черный";RUB;RUB
244857;1826.00;911.40;1;1;1;"L синий";RUB;RUB
245041;1065.00;531.30;0;0;3;;RUB;RUB
247024;1954.00;976.50;0;0;3;;RUB;RUB
247025;937.00;415.80;0;0;3;;RUB;RUB
248300;3018.00;1587.60;0;0;3;;RUB;RUB
248305;25833.00;16653.00;1;0;3;;RUB;RUB
248965;1630.00;814.80;0;0;3;;RUB;RUB
253099;3935.00;2184.00;0;0;3;;RUB;RUB
255495;499.00;166.32;0;0;3;;RUB;RUB
255496;571.00;190.26;0;0;3;;RUB;RUB
257230;690.00;369.60;0;0;3;;RUB;RUB
257256;4670.00;2583.00;1;1;1;"телесный с черным";RUB;RUB
260715;1731.00;865.20;0;0;3;;RUB;RUB
260717;1731.00;865.20;0;0;3;;RUB;RUB
260718;1731.00;865.20;0;0;3;;RUB;RUB
264010;1736.00;913.50;1;2;1;розовый;RUB;RUB
272620;1764.00;879.90;0;0;3;;RUB;RUB
274529;3107.00;1633.80;1;1;1;телесный;RUB;RUB
275961;996.00;441.00;0;0;3;;RUB;RUB
276629;4190.00;2499.00;0;0;3;;RUB;RUB
279727;2020.00;879.90;0;0;3;;RUB;RUB
279963;1591.00;793.80;0;0;3;;RUB;RUB
280657;1224.00;611.10;0;0;3;;RUB;RUB
282728;1129.00;562.80;0;0;3;;RUB;RUB
282778;800.00;354.90;0;0;3;;RUB;RUB
283310;16899.00;10899.00;0;0;3;;RUB;RUB
283312;29819.00;19236.00;0;0;3;;RUB;RUB
284336;1294.00;646.80;0;0;3;;RUB;RUB
285605;675.00;298.20;0;0;3;;RUB;RUB
294110;763.00;281.40;0;0;3;;RUB;RUB
294114;917.00;407.40;0;0;3;;RUB;RUB
294115;942.00;417.90;1;4;2;;RUB;RUB
294179;1838.00;917.70;0;0;3;;RUB;RUB
294445;2603.00;1369.20;1;1;1;"S-M черный";RUB;RUB
294451;3988.00;2205.00;1;1;1;"S-M красный";RUB;RUB
295336;3611.00;1995.00;0;0;3;;RUB;RUB
295385;7835.00;4347.00;0;0;3;;RUB;RUB
295939;5787.00;3213.00;0;0;3;;RUB;RUB
297009;978.00;434.70;0;0;3;;RUB;RUB
297958;3276.00;1724.10;0;0;3;;RUB;RUB
298041;6973.00;3864.00;0;0;3;;RUB;RUB
298062;6692.00;3717.00;1;1;1;"L черный";RUB;RUB
300507;3752.00;2079.00;0;0;3;;RUB;RUB
306305;4176.00;2310.00;0;0;3;;RUB;RUB
309575;6190.00;3423.00;0;0;3;;RUB;RUB
310447;746.00;455.70;0;0;3;;RUB;RUB
310464;5571.00;3087.00;1;1;1;телесный;RUB;RUB
311749;4309.00;2394.00;0;0;3;;RUB;RUB
311750;4776.00;2646.00;0;0;3;;RUB;RUB
311816;1106.00;552.30;0;0;3;;RUB;RUB
311831;25.00;18.90;0;0;3;;RUB;RUB
311842;522.00;174.09;0;0;3;;RUB;RUB
312555;18025.00;11613.00;0;0;3;;RUB;RUB
312571;2896.00;1522.50;0;0;3;;RUB;RUB
312573;4489.00;2478.00;0;0;3;;RUB;RUB
313636;971.00;430.50;0;0;3;;RUB;RUB
313643;2976.00;1564.50;0;0;3;;RUB;RUB
313662;7767.00;4305.00;0;0;3;;RUB;RUB
316267;1164.00;581.70;0;0;3;;RUB;RUB
316268;1306.00;651.00;1;1;1;;RUB;RUB
316391;7252.00;2898.00;0;0;3;;RUB;RUB
317122;550.00;249.90;0;0;3;;RUB;RUB
317124;580.00;262.50;0;0;3;;RUB;RUB
317186;978.00;434.70;0;0;3;;RUB;RUB
317187;1047.00;464.10;0;0;3;;RUB;RUB
317193;4489.00;2478.00;0;0;3;;RUB;RUB
317210;1529.00;764.40;0;0;3;;RUB;RUB
317215;540.00;199.92;0;0;3;;RUB;RUB
317216;621.00;228.90;0;0;3;;RUB;RUB
318284;1223.00;487.20;0;0;3;;RUB;RUB
321389;2226.00;1169.70;0;0;3;;RUB;RUB
322029;9553.00;5439.00;0;0;3;;RUB;RUB
322202;16564.00;9450.00;0;0;3;;RUB;RUB
326774;192.00;54.81;0;0;3;;RUB;RUB
326777;928.00;411.60;0;0;3;;RUB;RUB
326779;767.00;340.20;1;1;1;черный;RUB;RUB
326861;984.00;436.80;0;0;3;;RUB;RUB
327475;2986.00;1570.80;1;1;1;"S-M-L черный";RUB;RUB
327503;1218.00;609.00;0;0;3;;RUB;RUB
327506;887.00;392.70;0;0;3;;RUB;RUB
330256;1205.00;600.60;0;0;3;;RUB;RUB
330363;633.00;233.10;0;0;3;;RUB;RUB
330370;1951.00;1026.90;0;0;3;;RUB;RUB
330371;1087.00;541.80;0;0;3;;RUB;RUB
330384;1271.00;634.20;0;0;3;;RUB;RUB
330385;1111.00;554.40;0;0;3;;RUB;RUB
330387;1111.00;554.40;0;0;3;;RUB;RUB
330389;1019.00;451.50;0;0;3;;RUB;RUB
330392;1271.00;634.20;0;0;3;;RUB;RUB
330401;1261.00;630.00;0;0;3;;RUB;RUB
330546;7711.00;4284.00;0;0;3;;RUB;RUB
331289;1941.00;1020.60;0;0;3;;RUB;RUB
333537;11562.00;6594.00;0;0;3;;RUB;RUB
333923;962.00;426.30;0;0;3;;RUB;RUB
334225;1190.00;640.50;0;0;3;;RUB;RUB
334233;1190.00;676.20;0;0;3;;RUB;RUB
334872;441.00;270.90;0;0;3;;RUB;RUB
334873;420.00;254.10;0;0;3;;RUB;RUB
335265;4550.00;2520.00;0;0;3;;RUB;RUB
335661;2863.00;1505.70;1;0;3;;RUB;RUB
336053;2410.00;1268.40;1;1;1;"S-M красный";RUB;RUB
336057;1060.00;470.40;0;0;3;;RUB;RUB
336320;2232.00;1173.90;0;0;3;;RUB;RUB
336336;2328.00;1224.30;0;0;3;;RUB;RUB
336337;1447.00;722.40;0;0;3;;RUB;RUB
337187;420.00;139.86;0;0;3;;RUB;RUB
337194;420.00;139.86;0;0;3;;RUB;RUB
337369;3675.00;2037.00;0;0;3;;RUB;RUB
337405;2250.00;1182.30;0;0;3;;RUB;RUB
341539;816.00;361.20;0;0;3;;RUB;RUB
341540;657.00;241.50;0;0;3;;RUB;RUB
341541;816.00;361.20;0;0;3;;RUB;RUB
341542;816.00;361.20;0;0;3;;RUB;RUB
341543;816.00;361.20;0;0;3;;RUB;RUB
341544;1054.00;525.00;0;0;3;;RUB;RUB
341826;3700.00;2625.00;0;0;3;;RUB;RUB
341871;746.00;329.70;0;0;3;;RUB;RUB
346030;3968.00;2184.00;0;0;3;;RUB;RUB
347018;620.00;344.40;0;0;3;;RUB;RUB
347489;5031.00;2793.00;0;0;3;;RUB;RUB
347964;2986.00;1570.80;1;1;1;"L-XL белый с черным";RUB;RUB
348154;3086.00;1623.30;0;0;3;;RUB;RUB
348251;4927.00;2730.00;0;0;3;;RUB;RUB
348269;2771.00;1457.40;1;1;1;"L-XL фиолетовый с черным";RUB;RUB
348462;1565.00;781.20;0;0;3;;RUB;RUB
348552;3172.00;1669.50;0;0;3;;RUB;RUB
348553;3185.00;1675.80;0;0;3;;RUB;RUB
348554;3148.00;1656.90;0;0;3;;RUB;RUB
348555;2309.00;1213.80;0;0;3;;RUB;RUB
348558;2407.00;1266.30;0;0;3;;RUB;RUB
348971;480.00;264.60;0;0;3;;RUB;RUB
349132;3281.00;1726.20;0;0;3;;RUB;RUB
349155;4306.00;2373.00;0;0;3;;RUB;RUB
349218;2054.00;1079.40;0;0;3;;RUB;RUB
349752;746.00;455.70;0;0;3;;RUB;RUB
350384;882.00;539.70;0;0;3;;RUB;RUB
351739;314.00;89.88;0;0;3;;RUB;RUB
351887;267.00;76.44;0;0;3;;RUB;RUB
353797;2371.00;1247.40;0;0;3;;RUB;RUB
354424;3098.00;1629.60;1;1;1;розовый;RUB;RUB
354528;2218.00;1165.50;0;0;3;;RUB;RUB
354531;1192.00;594.30;0;0;3;;RUB;RUB
354533;2415.00;1270.50;0;0;3;;RUB;RUB
354541;1660.00;829.50;0;0;3;;RUB;RUB
354544;1456.00;726.60;0;0;3;;RUB;RUB
354558;1069.00;474.60;0;0;3;;RUB;RUB
355381;1635.00;816.90;0;0;3;;RUB;RUB
355448;851.00;378.00;0;0;3;;RUB;RUB
356299;1206.00;602.70;0;0;3;;RUB;RUB
356399;2109.00;1108.80;0;0;3;;RUB;RUB
356691;2435.00;1203.30;0;0;3;;RUB;RUB
356889;4838.00;2688.00;0;0;3;;RUB;RUB
357114;2017.00;1060.50;0;0;3;;RUB;RUB
358124;721.00;266.70;0;0;3;;RUB;RUB
358162;1040.00;518.70;0;0;3;;RUB;RUB
358200;319.00;91.14;0;0;3;;RUB;RUB
358202;305.00;101.85;0;0;3;;RUB;RUB
358215;2113.00;1110.90;0;0;3;;RUB;RUB
359589;727.00;321.30;1;2;1;"M черный,L черный";RUB;RUB
359603;727.00;321.30;1;1;1;"M черный";RUB;RUB
360048;1663.00;831.60;1;1;1;"S черный";RUB;RUB
360284;2387.00;1255.80;1;1;1;"M черный";RUB;RUB
360342;4179.00;2310.00;1;1;1;"L-XL белый";RUB;RUB
360756;2902.00;1526.70;0;0;3;;RUB;RUB
360801;3761.00;1978.20;0;0;3;;RUB;RUB
360812;3990.00;2205.00;0;0;3;;RUB;RUB
363235;1041.00;518.70;1;1;1;"L-XL черный";RUB;RUB
363299;3631.00;2016.00;0;0;3;;RUB;RUB
364789;4691.00;2604.00;0;0;3;;RUB;RUB
364809;6898.00;3822.00;1;1;1;"S-M черный";RUB;RUB
365583;6192.00;3423.00;0;0;3;;RUB;RUB
366124;440.00;162.96;0;0;3;;RUB;RUB
366218;292.00;97.02;0;0;3;;RUB;RUB
366220;331.00;110.04;0;0;3;;RUB;RUB
366223;441.00;147.00;0;0;3;;RUB;RUB
366826;2200.00;1157.10;0;0;3;;RUB;RUB
366837;3990.00;2247.00;0;0;3;;RUB;RUB
366843;647.00;239.40;0;0;3;;RUB;RUB
367222;1059.00;529.20;0;0;3;;RUB;RUB
367875;590.00;329.70;0;0;3;;RUB;RUB
368450;1079.00;478.80;0;0;3;;RUB;RUB
369364;48.00;35.91;0;0;3;;RUB;RUB
369478;1367.00;682.50;0;0;3;;RUB;RUB
370061;2184.00;1148.70;0;0;3;;RUB;RUB
371052;5943.00;3297.00;0;0;3;;RUB;RUB
371062;758.00;336.00;0;0;3;;RUB;RUB
371670;548.00;201.60;0;0;3;;RUB;RUB
371672;548.00;201.60;0;0;3;;RUB;RUB
371694;564.00;207.90;0;0;3;;RUB;RUB
371700;588.00;195.93;0;0;3;;RUB;RUB
371732;526.00;175.35;0;0;3;;RUB;RUB
371852;1478.00;737.10;0;0;3;;RUB;RUB
371857;2208.00;1161.30;0;0;3;;RUB;RUB
372224;847.00;375.90;0;0;3;;RUB;RUB
372227;740.00;273.00;0;0;3;;RUB;RUB
372229;739.00;273.00;0;0;3;;RUB;RUB
372730;998.00;600.60;0;0;3;;RUB;RUB
373026;1321.00;659.40;0;0;3;;RUB;RUB
373034;899.00;399.00;0;0;3;;RUB;RUB
373037;679.00;249.90;0;0;3;;RUB;RUB
373038;679.00;300.30;1;1;1;черный;RUB;RUB
373501;5158.00;2856.00;0;0;3;;RUB;RUB
373574;3365.00;1600.20;0;0;3;;RUB;RUB
373576;3534.00;1921.50;0;0;3;;RUB;RUB
373577;3533.50;1921.50;0;0;3;;RUB;RUB
373742;3457.00;1818.60;1;1;1;розовый;RUB;RUB
375475;3570.00;1877.40;0;0;3;;RUB;RUB
375839;1079.00;478.80;0;0;3;;RUB;RUB
376359;2096.00;1102.50;0;0;3;;RUB;RUB
376386;4090.00;2268.00;0;0;3;;RUB;RUB
377232;3345.00;1759.80;1;0;3;;RUB;RUB
377234;6870.00;3801.00;0;0;3;;RUB;RUB
377237;8868.00;4914.00;1;0;3;;RUB;RUB
377246;4201.00;2331.00;0;0;3;;RUB;RUB
377292;770.00;283.50;0;0;3;;RUB;RUB
377293;770.00;283.50;0;0;3;;RUB;RUB
377295;770.00;283.50;0;0;3;;RUB;RUB
377296;770.00;283.50;0;0;3;;RUB;RUB
377297;770.00;283.50;0;0;3;;RUB;RUB
377298;770.00;283.50;0;0;3;;RUB;RUB
377388;1980.00;1041.60;1;0;3;;RUB;RUB
377432;3407.00;1791.30;0;0;3;;RUB;RUB
379889;1001.00;499.80;0;0;3;;RUB;RUB
379930;1387.00;693.00;1;1;1;"L белый";RUB;RUB
382885;248.00;70.98;0;0;3;;RUB;RUB
384031;2033.00;1068.90;0;0;3;;RUB;RUB
388126;616.00;226.80;0;0;3;;RUB;RUB
390515;469.00;156.03;0;0;3;;RUB;RUB
390517;633.00;233.10;0;0;3;;RUB;RUB
391674;1518.00;758.10;0;0;3;;RUB;RUB
391910;3039.00;1598.10;0;0;3;;RUB;RUB
392109;452.00;150.57;0;0;3;;RUB;RUB
392111;452.00;150.57;0;0;3;;RUB;RUB
392148;3241.00;1705.20;0;0;3;;RUB;RUB
392160;4183.00;2310.00;0;0;3;;RUB;RUB
392161;4512.00;2499.00;0;0;3;;RUB;RUB
392212;816.00;361.20;0;0;3;;RUB;RUB
392213;661.00;243.60;0;0;3;;RUB;RUB
392216;739.00;273.00;0;0;3;;RUB;RUB
392217;551.00;203.70;0;0;3;;RUB;RUB
392218;606.00;222.60;0;0;3;;RUB;RUB
392331;1865.00;932.40;0;0;3;;RUB;RUB
398201;4776.00;2646.00;0;0;3;;RUB;RUB
398350;3641.00;1915.20;0;0;3;;RUB;RUB
400475;4314.00;2394.00;0;0;3;;RUB;RUB
403153;3075.00;1827.00;0;0;3;;RUB;RUB
403218;1041.00;518.70;0;0;3;;RUB;RUB
403220;1083.00;539.70;0;0;3;;RUB;RUB
403229;558.00;185.85;0;0;3;;RUB;RUB
403382;719.00;264.60;0;0;3;;RUB;RUB
404646;5954.00;3297.00;0;0;3;;RUB;RUB
404647;5124.00;2835.00;0;0;3;;RUB;RUB
404770;2671.00;1404.90;0;0;3;;RUB;RUB
404774;2671.00;1404.90;0;0;3;;RUB;RUB
404776;2671.00;1404.90;0;0;3;;RUB;RUB
412307;2964.00;1558.20;0;0;3;;RUB;RUB
412310;2671.00;1404.90;0;0;3;;RUB;RUB
412440;3136.00;1648.50;0;0;3;;RUB;RUB
425135;4131.00;2289.00;0;0;3;;RUB;RUB
425346;9429.00;5376.00;0;0;3;;RUB;RUB
425587;3171.00;1667.40;0;0;3;;RUB;RUB
425592;3525.00;1854.30;0;0;3;;RUB;RUB
426608;8972.00;5124.00;0;0;3;;RUB;RUB
426916;1997.00;1050.00;0;0;3;;RUB;RUB
427252;433.00;144.27;0;0;3;;RUB;RUB
427258;2423.00;1274.70;1;1;1;синий;RUB;RUB
428367;465.00;154.77;0;0;3;;RUB;RUB
428368;458.00;152.46;0;0;3;;RUB;RUB
428729;1941.00;1020.60;0;0;3;;RUB;RUB
429228;1034.00;457.80;0;0;3;;RUB;RUB
429230;1034.00;457.80;0;0;3;;RUB;RUB
429985;4391.00;2436.00;0;0;3;;RUB;RUB
429999;1997.00;1050.00;0;0;3;;RUB;RUB
430002;2289.00;1203.30;0;0;3;;RUB;RUB
430297;998.00;625.80;0;0;3;;RUB;RUB
430334;5128.00;2835.00;0;0;3;;RUB;RUB
447116;3346.00;1759.80;0;0;3;;RUB;RUB
447425;2055.00;1081.50;0;0;3;;RUB;RUB
447603;600.00;277.20;0;0;3;;RUB;RUB
449409;587.00;216.30;0;0;3;;RUB;RUB
449411;440.00;241.50;0;0;3;;RUB;RUB
449416;2450.00;1289.40;0;0;3;;RUB;RUB
450066;838.00;371.70;0;0;3;;RUB;RUB
450103;3708.00;1950.90;0;0;3;;RUB;RUB
450105;3501.00;1841.70;0;0;3;;RUB;RUB
450119;2943.00;1547.70;0;0;3;;RUB;RUB
450801;1297.00;646.80;0;0;3;;RUB;RUB
450826;4445.00;3675.00;0;0;3;;RUB;RUB
450828;6404.00;3549.00;0;0;3;;RUB;RUB
450856;1652.00;825.30;0;0;3;;RUB;RUB
450861;567.00;210.00;0;0;3;;RUB;RUB
450929;420.00;139.86;0;0;3;;RUB;RUB
450940;1077.00;478.80;0;0;3;;RUB;RUB
450946;4959.00;2751.00;0;0;3;;RUB;RUB
450951;567.00;210.00;0;0;3;;RUB;RUB
450952;914.00;405.30;0;0;3;;RUB;RUB
450959;5106.00;2835.00;0;0;3;;RUB;RUB
450979;886.00;392.70;0;0;3;;RUB;RUB
450981;2316.00;1218.00;0;0;3;;RUB;RUB
451226;1101.00;550.20;0;0;3;;RUB;RUB
451227;1101.00;550.20;0;0;3;;RUB;RUB
451254;1794.00;896.70;0;0;3;;RUB;RUB
452572;2292.00;1205.40;0;0;3;;RUB;RUB
455533;988.00;438.90;0;0;3;;RUB;RUB
460222;777.00;480.90;0;0;3;;RUB;RUB
460237;812.00;405.30;1;0;3;;RUB;RUB
460238;812.00;405.30;1;0;3;;RUB;RUB
460433;991.00;438.90;0;0;3;;RUB;RUB
460439;2973.00;1564.50;0;0;3;;RUB;RUB
460553;662.00;426.30;0;0;3;;RUB;RUB
460554;777.00;480.90;0;0;3;;RUB;RUB
460555;777.00;480.90;0;0;3;;RUB;RUB
460611;4357.00;2415.00;0;0;3;;RUB;RUB
462230;1450.00;724.50;1;5;1;"S-M-L черный";RUB;RUB
462625;14213.00;8106.00;0;0;3;;RUB;RUB
462629;667.00;245.70;0;0;3;;RUB;RUB
462631;1092.00;699.30;0;0;3;;RUB;RUB
475791;667.00;245.70;0;0;3;;RUB;RUB
476452;20538.00;13230.00;0;0;3;;RUB;RUB
477075;3828.00;2121.00;0;0;3;;RUB;RUB
477093;2781.00;1461.60;0;0;3;;RUB;RUB
477094;1219.00;609.00;0;0;3;;RUB;RUB
477098;1320.00;659.40;0;0;3;;RUB;RUB
477128;2450.00;1289.40;0;0;3;;RUB;RUB
477259;3499.00;1841.70;1;1;1;;RUB;RUB
477329;6402.00;3549.00;0;0;3;;RUB;RUB
477341;7893.00;4368.00;0;0;3;;RUB;RUB
477359;5628.00;3108.00;0;0;3;;RUB;RUB
481826;976.00;432.60;0;0;3;;RUB;RUB
483916;6430.00;3570.00;1;1;1;"XXXL леопард";RUB;RUB
484579;1885.00;940.80;0;0;3;;RUB;RUB
484664;689.00;254.10;0;0;3;;RUB;RUB
485615;2380.00;1251.60;0;0;3;;RUB;RUB
485627;950.00;252.00;0;0;3;;RUB;RUB
485633;1431.00;714.00;0;0;3;;RUB;RUB
485640;5780.00;3192.00;0;0;3;;RUB;RUB
485643;4502.00;2499.00;0;0;3;;RUB;RUB
485754;3795.00;1997.10;0;0;3;;RUB;RUB
487418;1430.00;714.00;0;0;3;;RUB;RUB
487446;4620.00;2562.00;1;1;1;"S-M-L-XL-XXL черный";RUB;RUB
487600;1969.00;1035.30;0;0;3;;RUB;RUB
487640;4451.00;2457.00;1;0;3;;RUB;RUB
488168;1098.00;487.20;1;1;1;;RUB;RUB
488487;10448.00;5964.00;0;0;3;;RUB;RUB
489050;16434.00;10584.00;0;0;3;;RUB;RUB
489053;9645.00;5502.00;0;0;3;;RUB;RUB
489555;7745.00;4284.00;0;0;3;;RUB;RUB
489556;990.00;438.90;0;0;3;;RUB;RUB
489557;860.00;380.10;0;0;3;;RUB;RUB
489580;2202.00;1157.10;0;0;3;;RUB;RUB
489593;682.00;252.00;0;0;3;;RUB;RUB
489713;1161.00;579.60;0;0;3;;RUB;RUB
489722;4293.00;2373.00;0;0;3;;RUB;RUB
489730;2000.00;1052.10;0;0;3;;RUB;RUB
489741;4380.00;2415.00;0;0;3;;RUB;RUB
489758;4604.00;2541.00;0;0;3;;RUB;RUB
489761;609.00;224.70;0;0;3;;RUB;RUB
489764;878.00;388.50;0;0;3;;RUB;RUB
489766;1007.00;501.90;0;0;3;;RUB;RUB
489767;681.00;302.40;0;0;3;;RUB;RUB
489771;1851.00;924.00;0;0;3;;RUB;RUB
489976;2524.00;1327.20;0;0;3;;RUB;RUB
489983;1373.00;684.60;0;0;3;;RUB;RUB
489989;720.00;266.70;0;0;3;;RUB;RUB
489998;2530.00;1331.40;0;0;3;;RUB;RUB
490016;1587.00;791.70;1;1;1;бирюзовый;RUB;RUB
490017;2696.00;1417.50;1;1;1;фиолетовый;RUB;RUB
490094;1988.00;993.30;1;1;1;"S-M-L розовый";RUB;RUB
490648;30133.00;21504.00;0;0;3;;RUB;RUB
495804;998.00;617.40;0;0;3;;RUB;RUB
495805;662.00;420.00;0;0;3;;RUB;RUB
495898;359.00;119.70;0;0;3;;RUB;RUB
495900;416.00;138.60;0;0;3;;RUB;RUB
495901;682.00;252.00;0;0;3;;RUB;RUB
495907;359.00;119.70;1;1;1;разноцветный;RUB;RUB
495908;554.00;203.70;0;0;3;;RUB;RUB
495926;218.00;62.37;0;0;3;;RUB;RUB
503487;1797.00;896.70;0;0;3;;RUB;RUB
511658;2388.00;1255.80;0;0;3;;RUB;RUB
511825;2113.00;1110.90;0;0;3;;RUB;RUB
511841;1705.00;850.50;0;0;3;;RUB;RUB
511844;1954.00;1026.90;1;1;1;;RUB;RUB
511860;2388.00;1255.80;0;0;3;;RUB;RUB
511889;17462.00;11256.00;0;0;3;;RUB;RUB
512153;2970.00;1562.40;0;0;3;;RUB;RUB
512804;16553.00;9450.00;0;0;3;;RUB;RUB
513730;2732.00;1436.40;0;0;3;;RUB;RUB
513789;3068.00;1612.80;0;0;3;;RUB;RUB
513796;2141.00;1125.60;0;0;3;;RUB;RUB
513980;9599.00;5481.00;0;0;3;;RUB;RUB
514134;16078.00;9177.00;0;0;3;;RUB;RUB
514186;1884.00;940.80;0;0;3;;RUB;RUB
514774;9118.00;5208.00;0;0;3;;RUB;RUB
515113;2618.00;1377.60;0;0;3;;RUB;RUB
515225;2028.00;1066.80;0;0;3;;RUB;RUB
515231;1948.00;1024.80;0;0;3;;RUB;RUB
515983;1423.00;709.80;0;0;3;;RUB;RUB
515990;1642.00;819.00;0;0;3;;RUB;RUB
516519;1807.00;903.00;0;0;3;;RUB;RUB
516556;1062.00;470.40;0;0;3;;RUB;RUB
516781;11716.00;6678.00;0;0;3;;RUB;RUB
516903;2344.00;1232.70;1;1;1;черный;RUB;RUB
517098;11552.00;6594.00;0;0;3;;RUB;RUB
517206;451.00;150.15;0;0;3;;RUB;RUB
517223;629.00;231.00;1;1;1;черный;RUB;RUB
517224;740.00;327.60;1;1;1;черный;RUB;RUB
517293;691.00;254.10;0;0;3;;RUB;RUB
517295;1017.00;451.50;0;0;3;;RUB;RUB
517590;402.00;133.98;0;0;3;;RUB;RUB
517594;1155.00;575.40;0;0;3;;RUB;RUB
517604;4802.00;2667.00;0;0;3;;RUB;RUB
517633;1964.00;980.70;1;1;1;черный;RUB;RUB
517694;1528.00;762.30;0;0;3;;RUB;RUB
519056;2476.00;1302.00;0;0;3;;RUB;RUB
519057;2819.00;1482.60;0;0;3;;RUB;RUB
519074;10592.00;6048.00;0;0;3;;RUB;RUB
519174;7339.00;4074.00;0;0;3;;RUB;RUB
519177;8295.00;4599.00;0;0;3;;RUB;RUB
519314;1168.00;583.80;0;0;3;;RUB;RUB
519320;3062.00;1610.70;0;0;3;;RUB;RUB
519442;2456.00;1291.50;1;1;1;серебристый;RUB;RUB
519463;2339.00;1230.60;0;0;3;;RUB;RUB
519485;1024.00;510.30;0;0;3;;RUB;RUB
519486;1362.00;680.40;0;0;3;;RUB;RUB
519487;1024.00;510.30;0;0;3;;RUB;RUB
519490;1362.00;680.40;0;0;3;;RUB;RUB
519491;1362.00;680.40;0;0;3;;RUB;RUB
519492;1024.00;510.30;0;0;3;;RUB;RUB
519494;6374.00;3528.00;0;0;3;;RUB;RUB
519502;635.00;233.10;0;0;3;;RUB;RUB
519503;2875.00;1512.00;0;0;3;;RUB;RUB
519534;713.00;262.50;0;0;3;;RUB;RUB
519542;1938.00;968.10;0;0;3;;RUB;RUB
519594;793.00;291.90;0;0;3;;RUB;RUB
519626;3072.00;1614.90;0;0;3;;RUB;RUB
519633;793.00;291.90;0;0;3;;RUB;RUB
519634;758.00;279.30;0;0;3;;RUB;RUB
519635;452.00;150.57;0;0;3;;RUB;RUB
519636;452.00;150.57;0;0;3;;RUB;RUB
519655;1103.00;558.60;0;0;3;;RUB;RUB
519725;1028.00;512.40;1;1;1;"карамель (темно-бежевый)";RUB;RUB
519726;1469.00;732.90;0;0;3;;RUB;RUB
519760;1340.00;669.90;0;0;3;;RUB;RUB
519762;1066.00;531.30;0;0;3;;RUB;RUB
519776;793.00;291.90;0;0;3;;RUB;RUB
520178;1168.00;583.80;0;0;3;;RUB;RUB
520552;1547.00;772.80;0;0;3;;RUB;RUB
520554;1547.00;772.80;0;0;3;;RUB;RUB
521085;4448.00;2457.00;0;0;3;;RUB;RUB
522175;2376.00;1249.50;0;0;3;;RUB;RUB
522177;2666.00;1402.80;0;0;3;;RUB;RUB
522188;10308.00;5880.00;0;0;3;;RUB;RUB
522571;3368.00;1772.40;0;0;3;;RUB;RUB
522732;337.00;112.14;0;0;3;;RUB;RUB
522733;736.00;270.90;0;0;3;;RUB;RUB
522736;314.00;89.88;0;0;3;;RUB;RUB
522985;1196.00;596.40;0;0;3;;RUB;RUB
522986;1125.00;560.70;0;0;3;;RUB;RUB
523105;767.00;340.20;0;0;3;;RUB;RUB
523367;33095.00;23625.00;0;0;3;;RUB;RUB
523545;1351.00;674.10;0;0;3;;RUB;RUB
523659;18381.00;11844.00;0;0;3;;RUB;RUB
523791;5773.00;3192.00;1;2;1;черный;RUB;RUB
524101;3798.00;2100.00;0;0;3;;RUB;RUB
524312;1100.00;741.30;0;0;3;;RUB;RUB
524391;730.00;323.40;0;0;3;;RUB;RUB
524403;767.00;468.30;0;0;3;;RUB;RUB
524898;1655.00;827.40;0;0;3;;RUB;RUB
524899;1573.00;785.40;0;0;3;;RUB;RUB
524949;7035.00;3906.00;0;0;3;;RUB;RUB
525376;2645.00;1390.20;0;0;3;;RUB;RUB
526999;2063.00;1085.70;0;0;3;;RUB;RUB
527126;15985.00;9114.00;0;0;3;;RUB;RUB
527401;7810.00;4326.00;1;1;1;"черный с золотистым";RUB;RUB
527613;5917.00;3276.00;0;0;3;;RUB;RUB
527669;704.00;432.60;0;0;3;;RUB;RUB
527696;1114.00;493.50;0;0;3;;RUB;RUB
527701;3663.00;2016.00;0;0;3;;RUB;RUB
527795;797.00;352.80;0;0;3;;RUB;RUB
527872;736.00;325.50;0;0;3;;RUB;RUB
527873;736.00;325.50;0;0;3;;RUB;RUB
527876;1001.00;443.10;0;0;3;;RUB;RUB
527877;736.00;325.50;1;2;1;фиолетовый;RUB;RUB
527878;1001.00;443.10;0;0;3;;RUB;RUB
527880;1103.00;550.20;0;0;3;;RUB;RUB
528544;13851.00;7896.00;0;0;3;;RUB;RUB
529330;748.00;275.10;1;1;1;белый;RUB;RUB
529331;464.00;154.77;1;2;1;прозрачный;RUB;RUB
529375;986.00;436.80;1;1;1;"белый с черным";RUB;RUB
529451;1383.00;690.90;0;0;3;;RUB;RUB
529852;11851.00;6762.00;0;0;3;;RUB;RUB
529974;188.00;53.97;1;2;1;красный;RUB;RUB
530007;4145.00;2289.00;1;2;1;"телесный с черным";RUB;RUB
530029;3016.00;1587.60;1;1;1;"M черный";RUB;RUB
530030;3016.00;1587.60;1;1;1;"L черный";RUB;RUB
530060;10781.00;6153.00;0;0;3;;RUB;RUB
530733;15289.00;8736.00;0;0;3;;RUB;RUB
532639;11917.00;6804.00;0;0;3;;RUB;RUB
532652;9083.00;5187.00;0;0;3;;RUB;RUB
532666;14436.00;8232.00;0;0;3;;RUB;RUB